,affordability,parking,public_transportation,employment_opportunities,theater,music,art,nature,fitness,schools,daycare_availability,kid_activities,safety,grocery_proximity,dining,community_engagement,pet_friendliness
shadyside,0.854441964,0.055743973,0.023190357,0.696137327,0.011422226,0.050983045,0.58750596,0.671972737,0.116351695,0.188736693,0.274770583,0.101531042,0.114798398,0.440143105,0.310418129,0.72363663,0.959754435
oakland,0.716450304,0.949521563,0.087317938,0.62011491,0.254155252,0.482987432,0.65009147,0.82381476,0.74802624,0.184976069,0.871814007,0.163764955,0.295671528,0.954651687,0.385165628,0.060914836,0.16818936
sq-hill,0.386593755,0.760590184,0.477359455,0.255364643,0.176257576,0.653372605,0.870467627,0.274536964,0.509479346,0.222878864,0.700654906,0.35415532,0.127332309,0.102004107,0.917138899,0.453911041,0.9919382
south-side,0.321179879,0.173471474,0.926496395,0.7119325,0.273009594,0.095903658,0.862153123,0.88598152,0.734887388,0.23368114,0.91243202,0.840760804,0.442399021,0.729258284,0.68931101,0.971558175,0.084995673
north-shore,0.089968205,0.676987433,0.017514876,0.840545586,0.587504975,0.725272711,0.482505608,0.656743102,0.493079572,0.055691717,0.774598181,0.821115921,0.147164175,0.609928147,0.002393514,0.936084076,0.286141081